"관리기관별(1)","시점",원인 (건),원인 (건),원인 (건),원인 (건),원인 (건),원인 (건),원인 (건),원인 (건),원인 (건),원인 (건),산불피해,산불피해,산불피해,산불피해,인명피해 (명),인명피해 (명),인명피해 (명)
"관리기관별(1)","시점",합계,입산자실화,규반소각,논밭두렁소각,쓰레기소각,담배불실화,성묘객실화,어린이불장난,건축물화재,기타,건수 (건),면적 (ha),재적 (㎥),피해액 (천원),합계,사망,부상
"총계","1995",630,312,-,138,-,-,34,18,-,128,630,1013.27,5452,450678,26,25,1
"총계","1996",527,248,-,73,-,-,38,30,-,138,527,5367.63,363471,13321974,26,24,2
"총계","1997",524,247,-,103,41,29,33,10,-,61,524,2329.79,40815,1628712,30,24,6
"총계","1998",265,104,-,65,24,13,16,11,-,32,265,1014.00,44092,2516219,16,15,1
"총계","1999",315,156,-,57,13,21,20,10,-,38,315,472.79,6377,665661,5,5,-
"총계","2000",729,312,-,134,68,63,47,18,-,87,729,25606.75,1373302,65241772,30,13,17
"총계","2001",785,354,-,143,47,88,45,24,-,84,785,962.22,33753,2717181,20,13,7
"총계","2002",599,217,-,110,58,60,63,20,-,71,599,3588.15,162819,8952928,19,12,7
"총계","2003",271,93,-,55,24,43,31,4,-,21,271,132.84,2444,276583,9,9,-
"총계","2004",544,250,-,83,47,51,22,13,-,78,544,1587.89,52787,4068651,11,10,1
"총계","2005",516,232,-,95,41,60,24,13,-,51,-,2066.58,113830,7526217,10,10,-
"총계","2006",405,185,-,63,40,26,12,14,-,65,-,254.23,7808,432755,5,4,1
"총계","2007",418,193,0,92,21,37,23,7,-,45,418,230.40,6467,377296,9,9,-
"총계","2008",389,148,0,62,44,49,26,6,-,54,389,226.90,4580,436054,6,6,-
"총계","2009",570,222,0,94,67,34,36,6,-,111,570,1380.58,91626,3882701,9,5,4
"총계","2010",282,138,-,38,34,13,15,1,14,29,282,296.84,11168,4450914,2,2,-
"총계","2011",277,110,-,66,39,12,11,3,11,25,277,1089.53,52544,29062872,3,2,1
"총계","2012",197,87,-,18,13,8,7,3,7,54,197,71.91,2467,2541534,2,1,1
"총계","2013",296,91,-,77,41,22,9,4,5,47,296,551.78,66765,25019788,36,3,33
"총계","2014",492,198,-,98,68,26,9,2,9,82,492,136.92,6962,9284595,10,7,3
"총계","2015",623,193,-,99,86,22,19,5,13,186,623,418.07,31591,20480226,7,4,3
"총계","2016",391,107,-,79,80,14,18,1,13,79,391,377.65,6647,15720978,6,4,2
"총계","2017",692,254,-,94,110,24,22,2,36,150,692,1479.65,224172,80149972,17,7,10
"총계","2018",496,158,-,67,58,12,26,1,41,133,496,894.07,100710,48583214,30,4,26
"총계","2019",653,179,-,69,89,22,20,2,59,213,653,3255.35,501836,268910990,16,8,8
"총계","2020",620,217,-,49,65,75,9,1,54,150,620,2919.84,486459,158140680,7,3,4
"총계","2021",349,133,-,22,27,34,16,3,20,94,349,765.89,5641,36124769,14,7,7
"총계","2022",756,253,-,44,59,53,14,-,51,282,756,24797.16,2925560,1346275384,8,1,7
"서울특별시","1995",16,11,-,-,-,-,1,3,-,1,16,3.69,-,1350,2,2,-
"서울특별시","1996",19,15,-,-,-,-,-,3,-,1,19,5.72,-,2550,-,-,-
"서울특별시","1997",15,7,0,1,-,1,-,4,-,2,15,4.15,-,680,1,1,-
"서울특별시","1998",8,5,-,-,1,1,-,1,-,-,8,0.91,-,100,-,-,-
"서울특별시","1999",2,-,-,-,-,1,-,1,-,-,2,0.30,-,-,-,-,-
"서울특별시","2000",13,5,-,-,1,5,-,2,-,-,13,1.31,-,5000,-,-,-
"서울특별시","2001",57,10,-,-,1,21,2,14,-,9,57,3.35,-,1200,1,-,1
"서울특별시","2002",35,10,-,-,1,17,-,5,-,2,35,2.92,11,2928,-,-,-
"서울특별시","2003",27,5,-,-,1,20,-,1,-,-,27,0.51,-,243,-,-,-
"서울특별시","2004",13,-,-,-,-,9,-,3,-,1,13,0.94,-,-,-,-,-
"서울특별시","2005",12,5,-,-,-,2,-,3,-,2,-,0.33,-,-,-,-,-
"서울특별시","2006",26,6,-,-,2,7,-,5,-,6,-,1.08,-,-,-,-,-
"서울특별시","2007",13,9,0,-,-,3,-,-,-,1,13,0.64,13,10000,-,-,-
"서울특별시","2008",13,7,0,-,2,1,-,2,-,1,13,0.50,-,1600,-,-,-
"서울특별시","2009",5,-,0,-,1,1,-,-,-,3,5,0.90,-,-,0,0,0
"서울특별시","2010",3,2,-,1,-,-,-,-,-,-,3,0.04,-,940,-,-,-
"서울특별시","2011",2,1,-,-,-,-,-,-,-,1,2,1.06,10,11855,-,-,-
"서울특별시","2012",10,2,-,-,-,-,-,-,-,8,10,2.93,-,120036,-,-,-
"서울특별시","2013",3,-,-,1,-,-,-,-,-,2,3,0.05,5,5857,-,-,-
"서울특별시","2014",16,3,-,-,2,-,-,-,1,10,16,0.80,-,75592,-,-,-
"서울특별시","2015",19,1,-,1,-,-,-,2,-,15,19,1.58,130,480159,-,-,-
"서울특별시","2016",9,-,-,1,3,-,-,-,-,5,9,0.71,-,37341,-,-,-
"서울특별시","2017",15,4,-,-,2,-,-,2,-,7,15,2.72,4,324832,-,-,-
"서울특별시","2018",14,-,-,1,1,-,-,-,-,12,14,0.37,17,47838,4,2,2
"서울특별시","2019",5,-,-,1,-,-,-,-,1,3,5,1.11,39,114903,-,-,-
"서울특별시","2020",1,-,-,-,-,-,-,-,-,1,1,0.01,-,1977,-,-,-
"서울특별시","2021",1,-,-,-,-,-,-,-,-,1,1,0.02,-,5328,-,-,-
"서울특별시","2022",6,-,-,-,-,-,-,-,1,5,6,2.46,-,273040,-,-,-
"부산광역시","1995",34,28,-,2,-,-,-,-,-,4,34,20.77,5,4843,-,-,-
"부산광역시","1996",23,18,-,-,-,-,-,1,-,4,23,26.10,-,6049,-,-,-
"부산광역시","1997",15,11,0,1,1,-,-,-,-,2,15,47.78,956,13032,-,-,-
"부산광역시","1998",19,12,-,1,-,-,-,1,-,5,19,22.56,528,23830,-,-,-
"부산광역시","1999",16,12,-,1,-,-,-,1,-,2,16,13.49,292,26194,-,-,-
"부산광역시","2000",20,9,-,-,-,5,1,2,-,3,20,11.14,100,26828,-,-,-
"부산광역시","2001",37,16,-,2,5,12,-,-,-,2,37,5.11,160,15384,-,-,-
"부산광역시","2002",24,9,-,1,5,5,-,3,-,1,24,15.10,470,45494,-,-,-
"부산광역시","2003",5,4,-,1,-,-,-,-,-,-,5,0.54,5,870,-,-,-
"부산광역시","2004",23,11,-,-,2,9,-,-,-,1,23,8.59,302,19920,-,-,-
"부산광역시","2005",22,9,-,1,-,8,-,1,-,3,-,2.67,45,3089,-,-,-
"부산광역시","2006",17,5,-,-,4,2,-,2,-,4,-,3.29,529,6401,-,-,-
"부산광역시","2007",34,19,0,4,1,6,-,-,-,4,34,6.17,1009,9469,-,-,-
"부산광역시","2008",20,5,0,-,3,9,-,-,-,3,20,2.50,-,9268,-,-,-
"부산광역시","2009",30,15,0,4,3,1,-,1,-,6,30,14.32,5,53930,0,0,0
"부산광역시","2010",21,16,-,1,1,2,-,-,-,1,21,2.56,-,32049,-,-,-
"부산광역시","2011",9,3,-,3,-,-,-,1,-,2,9,90.98,-,1315845,-,-,-
"부산광역시","2012",4,2,-,-,-,-,-,1,-,1,4,0.74,20,24891,-,-,-
"부산광역시","2013",14,5,-,2,-,3,1,1,-,2,14,0.86,90,57477,-,-,-
"부산광역시","2014",9,4,-,-,2,-,-,-,-,3,9,2.48,300,278253,-,-,-
"부산광역시","2015",11,7,-,1,-,1,-,-,-,2,11,1.32,42,141906,-,-,-
"부산광역시","2016",8,2,-,1,-,2,-,-,-,3,8,1.14,125,467062,-,-,-
"부산광역시","2017",13,7,-,-,3,-,-,-,1,2,13,0.56,55,51661,-,-,-
"부산광역시","2018",15,5,-,-,1,1,-,-,-,8,15,65.93,8988,4123943,-,-,-
"부산광역시","2019",21,6,-,-,2,1,-,-,1,11,21,72.84,28,4621573,-,-,-
"부산광역시","2020",15,5,-,1,1,6,-,-,-,2,15,0.61,-,48725,-,-,-
"부산광역시","2021",6,2,-,-,-,1,-,-,-,3,6,0.66,-,34838,-,-,-
"부산광역시","2022",20,4,-,1,1,1,-,-,1,12,20,9.66,60,473246,-,-,-
"대구광역시","1995",25,14,-,1,-,-,4,2,-,4,25,34.59,1,4500,-,-,-
"대구광역시","1996",17,9,-,-,-,-,3,1,-,4,17,24.83,53,4616,-,-,-
"대구광역시","1997",29,22,0,1,-,2,4,-,-,-,29,51.14,468,5247,-,-,-
"대구광역시","1998",2,2,-,-,-,-,-,-,-,-,2,0.70,10,425,-,-,-
"대구광역시","1999",2,1,-,-,-,-,-,-,-,1,2,0.70,-,735,-,-,-
"대구광역시","2000",11,5,-,-,-,-,-,2,-,4,11,3.81,21,8566,-,-,-
"대구광역시","2001",6,4,-,1,-,-,-,-,-,1,6,3.14,17,8294,-,-,-
"대구광역시","2002",14,10,-,1,-,-,2,1,-,-,14,2.26,59,5020,-,-,-
"대구광역시","2003",10,5,-,2,1,-,1,-,-,1,10,1.32,45,3072,-,-,-
"대구광역시","2004",19,14,-,1,1,-,1,-,-,2,19,8.29,177,18859,-,-,-
"대구광역시","2005",20,18,-,2,-,-,-,-,-,-,-,4.69,103,5534,-,-,-
"대구광역시","2006",16,13,-,-,-,-,-,1,-,2,-,11.58,294,26631,-,-,-
"대구광역시","2007",15,9,0,-,-,4,-,-,-,2,15,3.44,161,13200,-,-,-
"대구광역시","2008",5,2,0,-,1,-,-,-,-,2,5,1.45,140,5400,-,-,-
"대구광역시","2009",13,6,0,-,1,1,1,-,-,4,13,5.12,288,11220,0,0,0
"대구광역시","2010",2,1,-,-,-,-,-,1,-,-,2,0.25,2,500,-,-,-
"대구광역시","2011",1,1,-,-,-,-,-,-,-,-,1,0.50,46,15377,-,-,-
"대구광역시","2012",1,1,-,-,-,-,-,-,-,-,1,0.10,6,15261,-,-,-
"대구광역시","2013",2,2,-,-,-,-,-,-,-,-,2,0.08,9,13677,-,-,-
"대구광역시","2014",13,7,-,1,-,-,-,-,-,5,13,0.62,11,77025,1,-,1
"대구광역시","2015",11,5,-,1,4,-,-,-,-,1,11,0.56,10,95279,-,-,-
"대구광역시","2016",6,3,-,1,-,-,-,-,1,1,6,0.30,15,58397,-,-,-
"대구광역시","2017",13,3,-,1,2,-,-,-,-,7,13,0.98,102,144918,-,-,-
"대구광역시","2018",5,3,-,1,-,-,-,-,1,-,5,0.61,12,144850,-,-,-
"대구광역시","2019",6,5,-,-,1,-,-,-,-,-,6,3.27,138,107438,-,-,-
"대구광역시","2020",16,15,-,-,-,-,-,-,-,1,16,0.50,-,25962,-,-,-
"대구광역시","2021",8,4,-,-,-,-,-,-,1,3,8,0.53,-,26375,-,-,-
"대구광역시","2022",24,16,-,1,1,1,-,-,-,5,24,136.72,-,8055316,-,-,-
"인천광역시","1995",14,2,-,1,-,-,-,4,-,7,14,5.18,-,6230,-,-,-
"인천광역시","1996",19,8,-,-,-,-,1,6,-,4,19,38.06,-,17176,-,-,-
"인천광역시","1997",16,9,0,2,3,-,-,1,-,1,16,30.92,174,7935,-,-,-
"인천광역시","1998",6,2,-,-,1,1,-,1,-,1,6,3.73,-,2563,-,-,-
"인천광역시","1999",7,6,-,-,-,-,-,-,-,1,7,7.52,-,9440,-,-,-
"인천광역시","2000",18,11,-,-,1,4,1,-,-,1,18,16.83,-,47589,-,-,-
"인천광역시","2001",35,17,-,5,2,7,-,1,-,3,35,11.20,3,32473,-,-,-
"인천광역시","2002",26,10,-,3,1,6,3,2,-,1,26,6.82,10,18307,-,-,-
"인천광역시","2003",17,7,-,2,-,5,2,1,-,-,17,9.22,104,20611,-,-,-
"인천광역시","2004",13,6,-,1,2,3,1,-,-,-,13,2.36,1,5221,-,-,-
"인천광역시","2005",13,6,-,1,-,3,-,1,-,2,-,4.15,-,1325,-,-,-
"인천광역시","2006",24,9,-,-,-,6,-,1,-,8,-,3.09,-,2179,-,-,-
"인천광역시","2007",34,13,0,5,-,6,1,7,-,2,34,6.12,-,1100,-,-,-
"인천광역시","2008",10,2,0,-,1,3,1,2,-,1,10,12.39,-,31244,-,-,-
"인천광역시","2009",19,4,0,4,1,2,2,2,-,4,19,3.38,-,-,0,0,0
"인천광역시","2010",10,2,-,2,1,1,-,-,-,4,10,47.57,-,147545,-,-,-
"인천광역시","2011",3,1,-,1,1,-,-,-,-,-,3,0.40,-,9055,-,-,-
"인천광역시","2012",1,1,-,-,-,-,-,-,-,-,1,1.30,-,11860,-,-,-
"인천광역시","2013",4,-,-,1,-,1,-,-,-,2,4,0.24,28,12553,-,-,-
"인천광역시","2014",20,12,-,2,-,2,-,1,1,2,20,3.12,-,161734,2,2,-
"인천광역시","2015",43,9,-,12,6,3,1,1,-,11,43,5.85,2,249264,-,-,-
"인천광역시","2016",23,11,-,4,2,1,-,-,-,5,23,10.58,-,581218,-,-,-
"인천광역시","2017",21,5,-,3,3,1,-,-,-,9,21,5.10,-,213395,-,-,-
"인천광역시","2018",16,1,-,3,6,1,1,-,-,4,16,1.13,34,53798,1,-,1
"인천광역시","2019",24,2,-,2,3,1,-,-,2,14,24,2.91,-,85530,-,-,-
"인천광역시","2020",14,5,-,2,2,5,-,-,-,-,14,12.12,-,579254,-,-,-
"인천광역시","2021",8,4,-,2,2,-,-,-,-,-,8,1.40,-,65270,-,-,-
"인천광역시","2022",8,1,-,-,-,1,-,-,-,6,8,1.11,-,53084,-,-,-
"광주광역시","1995",8,5,-,1,-,-,1,-,-,1,8,8.60,147,1909,-,-,-
"광주광역시","1996",12,8,-,-,-,-,-,1,-,3,12,49.40,148,4736,1,1,-
"광주광역시","1997",4,4,-,-,-,-,-,-,-,-,4,1.90,-,65,-,-,-
"광주광역시","1998",4,4,-,-,-,-,-,-,-,-,4,2.60,10,1520,-,-,-
"광주광역시","1999",5,4,-,1,-,-,-,-,-,-,5,3.70,-,21514,-,-,-
"광주광역시","2000",14,7,-,3,1,1,1,-,-,1,14,36.05,299,144895,-,-,-
"광주광역시","2001",16,4,-,7,1,2,-,2,-,-,16,11.85,531,8481,1,-,1
"광주광역시","2002",17,10,-,1,1,3,2,-,-,-,17,4.70,-,1885,-,-,-
"광주광역시","2003",6,3,-,-,2,-,1,-,-,-,6,1.07,-,2381,-,-,-
"광주광역시","2004",17,7,-,-,3,5,1,1,-,-,17,6.18,107,14681,1,1,-
"광주광역시","2005",23,6,-,7,2,4,1,2,-,1,-,6.45,30,11801,-,-,-
"광주광역시","2006",7,2,-,1,2,1,-,-,-,1,-,2.59,-,3490,-,-,-
"광주광역시","2007",14,6,0,6,-,1,-,-,-,1,14,5.85,-,9289,-,-,-
"광주광역시","2008",7,2,0,2,1,-,2,-,-,-,7,3.12,-,3250,-,-,-
"광주광역시","2009",10,6,0,1,2,-,-,-,-,1,10,6.40,82,6455,0,0,0
"광주광역시","2010",1,1,-,-,-,-,-,-,-,-,1,0.10,1,244,-,-,-
"광주광역시","2011",3,1,-,1,-,-,-,-,-,1,3,1.10,109,23177,-,-,-
"광주광역시","2012",2,1,-,1,-,-,-,-,-,-,2,0.46,4,20211,-,-,-
"광주광역시","2013",7,2,-,3,1,-,-,-,-,1,7,1.39,103,64202,-,-,-
"광주광역시","2014",7,-,-,3,1,1,-,-,-,2,7,0.51,-,25617,-,-,-
"광주광역시","2015",5,1,-,1,-,-,-,-,-,3,5,0.37,36,19004,-,-,-
"광주광역시","2016",1,-,-,1,-,-,-,-,-,-,1,0.03,-,3231,-,-,-
"광주광역시","2017",2,-,-,2,-,-,-,-,-,-,2,0.40,-,15845,-,-,-
"광주광역시","2018",3,-,-,2,-,-,-,-,-,1,3,0.50,14,17704,-,-,-
"광주광역시","2019",2,-,-,-,-,-,-,-,-,2,2,0.06,-,2512,-,-,-
"광주광역시","2020",2,1,-,-,1,-,-,-,-,-,2,0.19,-,8916,-,-,-
"광주광역시","2021",1,-,-,-,-,-,-,-,-,1,1,0.04,-,1861,-,-,-
"광주광역시","2022",4,1,-,-,-,-,-,-,-,3,4,0.24,-,12371,-,-,-
"대전광역시","1995",11,7,-,2,-,-,1,-,-,1,11,8.10,-,7530,-,-,-
"대전광역시","1996",3,3,-,-,-,-,-,-,-,-,3,3.50,-,2320,-,-,-
"대전광역시","1997",4,2,0,1,-,-,1,-,-,-,4,3.26,45,700,-,-,-
"대전광역시","1998",6,1,-,3,2,-,-,-,-,-,6,6.93,131,8765,-,-,-
"대전광역시","1999",5,3,-,-,-,-,-,1,-,1,5,2.81,44,1958,-,-,-
"대전광역시","2000",9,4,-,2,1,-,2,-,-,-,9,17.58,39,39159,-,-,-
"대전광역시","2001",47,26,-,11,2,4,1,1,-,2,47,13.42,300,14454,2,-,2
"대전광역시","2002",29,13,-,4,4,1,3,2,-,2,29,12.83,149,23796,2,1,1
"대전광역시","2003",12,2,-,4,2,-,3,1,-,-,12,19.65,376,49925,-,-,-
"대전광역시","2004",21,6,-,4,3,2,-,5,-,1,21,11.10,312,19780,-,-,-
"대전광역시","2005",16,4,-,6,1,3,-,2,-,-,-,11.28,339,36300,-,-,-
"대전광역시","2006",12,8,-,2,1,-,-,1,-,-,-,4.57,133,10985,1,1,-
"대전광역시","2007",11,3,0,4,-,-,1,-,-,3,11,5.54,184,24911,-,-,-
"대전광역시","2008",11,4,0,3,2,2,-,-,-,-,11,5.93,183,15499,-,-,-
"대전광역시","2009",6,2,0,-,3,-,1,-,-,-,6,8.62,194,22200,0,0,0
"대전광역시","2010",1,1,-,-,-,-,-,-,-,-,1,0.10,-,944,-,-,-
"대전광역시","2011",4,1,-,1,-,1,1,-,-,-,4,0.45,-,12341,1,-,1
"대전광역시","2012",3,-,-,-,-,-,-,1,-,2,3,0.21,-,19633,-,-,-
"대전광역시","2013",6,3,-,1,1,-,-,-,-,1,6,0.95,117,44821,-,-,-
"대전광역시","2014",7,2,-,2,-,-,-,1,-,2,7,2.43,160,88206,1,1,-
"대전광역시","2015",11,5,-,-,1,-,-,-,-,5,11,4.50,5,194772,2,-,2
"대전광역시","2016",3,1,-,-,2,-,-,-,-,-,3,5.01,-,354605,-,-,-
"대전광역시","2017",14,3,-,2,2,-,1,-,-,6,14,3.93,196,169849,-,-,-
"대전광역시","2018",5,-,-,1,-,-,1,-,-,3,5,0.21,1,16467,1,-,1
"대전광역시","2019",9,-,-,1,1,-,1,-,1,5,9,2.13,-,74550,-,-,-
"대전광역시","2020",3,-,-,1,-,-,1,-,1,-,3,0.33,-,15476,-,-,-
"대전광역시","2021",2,2,-,-,-,-,-,-,-,-,2,0.52,-,24087,-,-,-
"대전광역시","2022",2,-,-,-,-,-,-,-,-,2,2,0.02,-,1105,-,-,-
"울산광역시","1997",3,3,-,-,-,-,-,-,-,-,3,3.60,-,28473,-,-,-
"울산광역시","1998",7,6,-,-,-,-,1,-,-,-,7,39.40,-,79675,-,-,-
"울산광역시","1999",13,9,-,-,-,1,-,1,-,2,13,13.57,39,21602,-,-,-
"울산광역시","2000",12,9,-,1,1,-,-,1,-,-,12,83.03,322,193163,-,-,-
"울산광역시","2001",28,17,-,5,-,5,-,-,-,1,28,45.80,1026,124234,-,-,-
"울산광역시","2002",26,16,-,1,3,2,1,-,-,3,26,30.31,259,111172,-,-,-
"울산광역시","2003",13,10,-,1,-,1,-,-,-,1,13,4.14,104,9485,-,-,-
"울산광역시","2004",25,19,-,1,1,-,-,1,-,3,25,35.07,836,107272,-,-,-
"울산광역시","2005",13,9,-,2,1,-,-,1,-,-,-,18.11,198,67682,-,-,-
"울산광역시","2006",14,8,-,2,-,-,-,-,-,4,-,13.71,377,46715,-,-,-
"울산광역시","2007",12,6,0,2,2,-,-,-,-,2,12,10.92,169,33184,-,-,-
"울산광역시","2008",14,6,0,1,-,1,1,-,-,5,14,3.18,187,12694,-,-,-
"울산광역시","2009",25,5,0,2,-,1,-,-,-,17,25,36.73,1085,147418,0,0,0
"울산광역시","2010",12,6,-,1,2,-,1,-,-,2,12,10.74,282,41475,-,-,-
"울산광역시","2011",15,5,-,2,4,-,1,-,1,2,15,10.85,1068,394685,-,-,-
"울산광역시","2012",4,3,-,-,1,-,-,-,-,-,4,0.75,86,24950,-,-,-
"울산광역시","2013",14,1,-,1,4,-,1,2,-,5,14,319.99,44778,11565674,3,-,3
"울산광역시","2014",12,1,-,1,2,-,3,-,-,5,12,2.39,79,101302,-,-,-
"울산광역시","2015",6,2,-,1,-,-,1,-,-,2,6,1.50,153,62907,-,-,-
"울산광역시","2016",3,1,-,1,-,-,-,-,-,1,3,0.12,3,3853,-,-,-
"울산광역시","2017",11,7,-,-,-,-,-,-,1,3,11,19.00,2142,902381,-,-,-
"울산광역시","2018",11,3,-,1,1,1,-,-,2,3,11,4.87,87,219420,-,-,-
"울산광역시","2019",13,10,-,1,-,1,-,-,-,1,13,1.73,169,70924,-,-,-
"울산광역시","2020",18,10,-,1,4,-,-,-,1,2,18,531.33,49153,28700824,3,2,1
"울산광역시","2021",10,6,-,1,-,-,1,-,-,2,10,2.45,284,176977,-,-,-
"울산광역시","2022",30,17,-,2,1,2,-,-,3,5,30,20.13,2637,1500205,-,-,-
"세종자치시","2012",2,-,-,-,-,-,-,-,-,2,2,1.70,46,47320,-,-,-
"세종자치시","2013",4,-,-,2,2,-,-,-,-,-,4,2.85,356,94261,-,-,-
"세종자치시","2014",4,1,-,1,1,-,-,-,1,0,4,5.05,78,151848,-,-,-
"세종자치시","2015",1,-,-,-,-,-,-,-,-,1,1,0.01,-,3775,-,-,-
"세종자치시","2016",1,-,-,-,-,-,-,-,-,1,1,0.20,-,7062,-,-,-
"세종자치시","2017",2,-,-,-,1,-,-,-,-,1,2,0.08,-,3437,-,-,-
"세종자치시","2018",6,-,-,-,-,1,1,-,-,4,6,1.09,-,51782,-,-,-
"세종자치시","2019",7,-,-,2,2,-,-,-,-,3,7,0.89,12,30604,-,-,-
"세종자치시","2020",4,3,-,-,-,-,-,-,1,-,4,0.49,-,23468,-,-,-
"세종자치시","2022",7,1,-,1,-,2,1,-,-,2,7,0.67,-,23572,-,-,-
"경기도","1995",74,39,-,11,-,-,3,2,-,19,74,70.68,237,44451,1,1,-
"경기도","1996",50,25,0,1,-,-,10,4,-,10,50,140.03,192,38407,10,9,1
"경기도","1997",48,22,0,10,6,2,6,-,-,2,48,95.17,837,34925,5,5,-
"경기도","1998",28,7,-,5,3,2,2,2,-,7,28,42.53,103,155451,5,5,-
"경기도","1999",23,13,-,3,1,1,3,-,-,2,23,33.26,29,75430,1,1,-
"경기도","2000",56,19,-,8,10,3,8,1,-,7,56,222.40,3353,485816,2,2,-
"경기도","2001",57,30,-,8,7,2,5,2,-,3,57,50.33,6361,110220,2,1,1
"경기도","2002",48,18,-,5,8,2,8,-,-,7,48,36.60,4051,93323,1,1,-
"경기도","2003",28,5,-,10,2,1,7,-,-,3,28,14.72,32,18893,1,1,-
"경기도","2004",39,21,-,2,6,2,1,-,-,7,39,19.45,724,39154,-,-,-
"경기도","2005",33,17,-,2,7,3,1,-,-,3,-,11.77,323,61156,-,-,-
"경기도","2006",23,13,-,3,3,-,1,-,-,3,-,6.46,106,5592,1,1,-
"경기도","2007",16,13,0,1,1,-,-,-,-,1,16,2.97,37,1435,1,1,-
"경기도","2008",19,11,0,2,1,2,-,1,-,2,19,4.70,-,-,-,-,-
"경기도","2009",20,11,0,3,-,-,3,-,-,3,20,8.19,7,750,0,0,0
"경기도","2010",6,5,-,-,-,-,1,-,-,-,6,0.53,-,27879,-,-,-
"경기도","2011",7,4,-,1,-,1,-,-,-,1,7,0.61,-,25686,-,-,-
"경기도","2012",9,5,-,1,2,-,-,-,-,1,9,0.74,-,57920,-,-,-
"경기도","2013",5,1,-,2,-,1,-,-,-,1,5,2.00,252,76046,-,-,-
"경기도","2014",42,33,-,1,5,1,-,-,-,2,42,3.94,-,627114,-,-,-
"경기도","2015",143,30,-,24,32,4,5,-,3,45,143,85.18,4939,4479665,1,1,-
"경기도","2016",111,31,-,28,31,-,7,1,2,11,111,43.33,-,1977119,1,1,-
"경기도","2017",147,35,-,30,40,8,4,-,4,26,147,44.42,161,2210496,-,-,-
"경기도","2018",67,19,-,9,14,-,2,-,5,18,67,15.57,428,758854,1,-,1
"경기도","2019",164,33,-,19,23,7,1,1,18,62,164,40.38,-,1186282,2,1,1
"경기도","2020",209,49,-,14,24,41,2,1,24,54,209,49.21,-,2066925,1,1,-
"경기도","2021",70,15,-,5,8,16,5,-,8,13,70,11.66,-,538985,3,1,2
"경기도","2022",143,16,-,6,20,14,3,-,7,77,143,66.05,-,3181736,1,-,1
"강원도","1995",49,18,-,12,-,-,4,1,-,14,49,86.98,1004,31799,1,1,-
"강원도","1996",32,12,-,3,-,-,-,2,-,15,32,3320.85,360732,8229222,-,-,-
"강원도","1997",59,18,0,13,10,4,2,1,-,11,59,892.64,26035,1109932,4,3,1
"강원도","1998",25,9,-,10,1,3,1,-,-,1,25,588.52,38782,1552873,1,1,-
"강원도","1999",65,19,-,13,7,4,3,4,-,15,65,92.72,975,117454,-,-,-
"강원도","2000",141,48,-,23,16,18,5,3,-,28,141,24119.87,1353463,61595450,19,3,16
"강원도","2001",57,30,-,4,3,1,5,-,-,14,57,95.22,3101,173090,-,-,-
"강원도","2002",35,10,-,4,1,5,3,3,-,9,35,41.78,725,92005,1,1,-
"강원도","2003",5,1,-,1,1,1,1,-,-,-,5,5.90,233,9874,-,-,-
"강원도","2004",27,15,-,2,3,1,1,-,-,5,27,638.39,31263,931306,-,-,-
"강원도","2005",22,13,-,2,-,-,-,1,-,6,-,1102.12,102610,5216384,-,-,-
"강원도","2006",17,11,-,1,3,-,1,-,-,1,-,4.51,5,630,-,-,-
"강원도","2007",19,12,0,2,-,2,-,-,-,3,19,6.32,683,6949,-,-,-
"강원도","2008",17,8,0,-,4,2,-,-,-,3,17,5.08,30,5901,1,1,-
"강원도","2009",44,22,0,1,5,3,2,1,-,10,44,57.04,1753,171261,0,0,0
"강원도","2010",37,15,-,2,9,3,1,-,3,4,37,91.47,2183,1860936,-,-,-
"강원도","2011",33,17,-,4,3,2,1,1,4,1,33,110.06,5142,3055221,-,-,-
"강원도","2012",30,15,-,-,2,1,1,-,4,7,30,4.48,173,244915,-,-,-
"강원도","2013",34,17,-,5,5,3,1,-,-,3,34,8.85,607,501237,-,-,-
"강원도","2014",48,23,-,10,5,2,-,-,1,7,48,10.07,451,478894,-,-,-
"강원도","2015",96,43,-,11,9,5,2,2,5,19,96,196.03,16770,6823805,-,-,-
"강원도","2016",81,23,-,10,18,5,-,-,4,21,81,48.54,3425,1377040,-,-,-
"강원도","2017",81,39,-,9,11,4,-,-,6,12,81,1192.29,199147,63901080,6,1,5
"강원도","2018",33,11,-,2,2,-,1,-,8,9,33,656.95,78676,36003655,15,-,15
"강원도","2019",67,20,-,4,11,6,2,-,5,19,67,2990.32,488995,253970968,4,3,1
"강원도","2020",52,14,-,2,5,4,-,-,5,22,52,196.64,7056,7835367,2,-,2
"강원도","2021",34,8,-,2,3,-,-,2,1,18,34,57.11,1368,3049335,-,-,-
"강원도","2022",70,2,-,1,6,-,1,-,6,54,70,5262.54,113658,258855927,-,-,-
"충청북도","1995",32,7,-,14,-,-,2,-,-,9,32,37.20,105,6375,3,2,1
"충청북도","1996",18,7,-,3,-,-,1,-,-,7,18,34.50,62,5080,-,-,-
"충청북도","1997",37,13,0,9,4,3,4,-,-,4,37,88.80,842,46757,1,-,1
"충청북도","1998",19,4,-,4,1,2,4,1,-,3,19,18.53,71,29595,2,2,-
"충청북도","1999",24,6,-,9,1,4,2,-,-,2,24,49.72,1402,58840,1,1,-
"충청북도","2000",58,22,-,17,9,1,5,1,-,3,58,104.52,3252,297888,1,-,1
"충청북도","2001",55,19,-,20,2,3,6,1,-,4,55,95.11,1440,208724,4,3,1
"충청북도","2002",43,9,-,19,4,3,5,1,-,2,43,77.86,3136,199809,5,5,-
"충청북도","2003",20,7,-,8,1,3,1,-,-,-,20,11.74,110,28092,1,1,-
"충청북도","2004",21,16,-,1,-,2,-,1,-,1,21,26.35,355,46429,-,-,-
"충청북도","2005",31,14,-,5,1,5,1,1,-,4,-,34.06,726,16078,-,-,-
"충청북도","2006",23,11,-,4,1,2,1,1,-,3,-,16.39,1014,12627,-,-,-
"충청북도","2007",24,5,0,8,4,2,3,-,-,2,24,7.56,126,14937,1,1,-
"충청북도","2008",21,4,0,4,3,2,5,1,-,2,21,30.49,654,53032,-,-,-
"충청북도","2009",36,8,0,9,6,1,3,1,-,8,36,22.05,972,51924,2,1,1
"충청북도","2010",32,8,-,9,8,2,2,-,-,3,32,4.54,86,44359,1,1,-
"충청북도","2011",22,6,-,6,6,2,1,-,-,1,22,9.00,189,219225,-,-,-
"충청북도","2012",13,4,-,5,1,-,1,-,1,1,13,2.95,207,100540,1,1,-
"충청북도","2013",11,1,-,4,5,1,-,-,-,-,11,4.15,148,164886,1,-,1
"충청북도","2014",13,8,-,1,2,2,-,-,-,0,13,1.25,-,85611,-,-,-
"충청북도","2015",27,12,-,5,5,2,-,-,-,3,27,6.60,113,389938,1,1,-
"충청북도","2016",17,2,-,2,8,-,1,-,-,4,17,11.06,-,647980,1,1,-
"충청북도","2017",44,21,-,6,5,-,4,-,5,3,44,4.34,61,211575,4,1,3
"충청북도","2018",33,12,-,7,2,-,2,-,-,10,33,1.12,65,155600,2,-,2
"충청북도","2019",25,2,-,7,5,-,1,-,2,8,25,4.05,-,121306,-,-,-
"충청북도","2020",9,3,-,-,2,-,1,-,2,1,9,1.17,-,57793,-,-,-
"충청북도","2021",8,4,-,-,-,1,-,-,-,3,8,76.26,40,2067693,1,-,1
"충청북도","2022",22,14,-,-,-,-,1,-,1,6,22,13.25,-,617245,-,-,-
"충청남도","1995",30,16,-,8,-,-,2,1,-,3,30,53.36,155,11676,3,3,-
"충청남도","1996",43,17,-,11,-,-,4,3,-,8,43,78.44,265,17140,3,3,-
"충청남도","1997",46,20,0,15,4,-,2,1,-,4,46,92.87,844,64105,1,1,-
"충청남도","1998",36,9,-,15,4,1,1,1,-,5,36,47.94,900,142882,2,2,-
"충청남도","1999",20,8,-,8,1,1,2,-,-,-,20,26.42,913,48966,1,1,-
"충청남도","2000",79,18,-,26,10,7,12,1,-,5,79,274.43,5276,645086,5,5,-
"충청남도","2001",45,9,-,13,9,5,3,-,-,6,45,38.14,1249,98855,-,-,-
"충청남도","2002",44,8,-,12,7,-,11,1,-,5,44,2215.59,107113,6143435,1,1,-
"충청남도","2003",8,4,-,-,2,1,-,-,-,1,8,4.40,101,12320,-,-,-
"충청남도","2004",12,2,-,6,-,1,3,-,-,-,12,3.80,174,10480,-,-,-
"충청남도","2005",26,7,-,6,2,2,5,-,-,4,-,26.93,596,81629,3,3,-
"충청남도","2006",28,11,-,6,6,1,3,1,-,-,-,22.06,667,37659,1,1,-
"충청남도","2007",13,5,0,7,-,-,-,-,-,1,13,9.05,445,25248,1,1,-
"충청남도","2008",7,3,0,2,1,-,-,-,-,1,7,2.80,85,5839,2,2,-
"충청남도","2009",13,8,0,3,1,-,-,-,-,1,13,3.81,231,9494,0,0,0
"충청남도","2010",7,6,-,1,-,-,-,-,-,-,7,0.69,21,4904,-,-,-
"충청남도","2011",14,3,-,4,-,-,2,1,-,4,14,11.83,719,479697,-,-,-
"충청남도","2012",15,6,-,2,1,-,1,-,-,5,15,10.32,221,398563,-,-,-
"충청남도","2013",16,3,-,5,4,-,1,-,-,3,16,16.49,1034,598898,1,1,-
"충청남도","2014",21,4,-,6,5,3,-,-,1,2,21,4.65,172,281185,-,-,-
"충청남도","2015",21,9,-,5,2,1,1,-,-,3,21,3.12,66,222003,1,1,-
"충청남도","2016",13,4,-,1,2,1,2,-,1,2,13,1.31,-,94258,-,-,-
"충청남도","2017",46,24,-,2,-,2,2,-,8,8,46,2.82,166,386051,-,-,-
"충청남도","2018",27,11,-,3,5,1,2,-,1,4,27,2.44,43,177788,2,1,1
"충청남도","2019",36,21,-,3,2,-,3,-,4,3,36,3.55,50,117700,2,2,-
"충청남도","2020",34,21,-,-,4,3,-,-,4,2,34,3.97,-,211092,1,-,1
"충청남도","2021",22,14,-,-,1,2,2,-,-,3,22,40.45,21,2005084,2,2,-
"충청남도","2022",63,36,-,3,3,2,-,-,3,16,63,187.92,101,9322759,-,-,-
"전라북도","1995",42,9,-,18,-,-,5,-,-,10,42,73.82,324,15208,5,5,-
"전라북도","1996",48,15,-,9,-,-,3,5,-,16,48,94.65,-,22786,4,3,1
"전라북도","1997",36,21,0,8,1,-,3,1,-,2,36,68.64,3846,41573,4,4,-
"전라북도","1998",17,6,-,9,-,-,1,-,-,1,17,18.43,57,5515,4,3,1
"전라북도","1999",26,16,-,7,-,1,2,-,-,-,26,33.17,286,18819,-,-,-
"전라북도","2000",53,21,-,14,8,2,6,1,-,1,53,53.71,1037,136368,1,1,-
"전라북도","2001",57,26,-,14,1,5,8,-,-,3,57,56.92,1757,150359,1,1,-
"전라북도","2002",48,18,-,11,5,2,9,2,-,1,48,503.77,20232,1374023,6,1,5
"전라북도","2003",12,2,-,4,1,1,4,-,-,-,12,6.20,114,21647,1,1,-
"전라북도","2004",22,12,-,3,2,2,1,-,-,2,22,10.65,216,26061,1,1,-
"전라북도","2005",48,21,-,13,6,6,2,-,-,-,-,124.13,390,226259,2,2,-
"전라북도","2006",14,4,-,2,4,-,1,-,-,3,-,13.40,331,20820,-,-,-
"전라북도","2007",24,7,0,10,2,1,1,-,-,3,24,17.03,597,28871,2,2,-
"전라북도","2008",35,19,0,6,5,-,1,-,-,4,35,16.55,644,18798,2,2,-
"전라북도","2009",48,27,0,7,8,-,2,-,-,4,48,85.65,7477,86327,0,0,0
"전라북도","2010",6,5,-,-,1,-,-,-,-,-,6,1.03,13,3700,-,-,-
"전라북도","2011",9,3,-,3,2,-,-,-,-,1,9,3.38,215,208463,-,-,-
"전라북도","2012",11,7,-,1,-,-,-,-,-,3,11,2.02,80,91028,-,-,-
"전라북도","2013",29,7,-,10,4,1,1,-,2,4,29,12.47,1016,565122,-,-,-
"전라북도","2014",28,12,-,9,3,-,1,-,-,3,28,5.62,65,323184,-,-,-
"전라북도","2015",20,5,-,-,5,1,1,-,-,8,20,3.11,46,234254,-,-,-
"전라북도","2016",13,1,-,3,1,2,3,-,1,2,13,1.27,-,94340,-,-,-
"전라북도","2017",23,14,-,3,1,-,4,-,-,1,23,2.40,95,226760,-,-,-
"전라북도","2018",28,12,-,4,3,1,5,-,-,3,28,4.39,110,239122,-,-,-
"전라북도","2019",21,10,-,3,4,-,2,-,1,1,21,1.93,30,73283,-,-,-
"전라북도","2020",23,15,-,3,1,2,-,-,1,1,23,2.95,-,166241,-,-,-
"전라북도","2021",22,12,-,4,1,-,4,-,-,1,22,15.66,413,839227,1,1,-
"전라북도","2022",50,26,-,8,1,4,2,-,-,9,50,36.58,511,2108660,2,1,1
"전라남도","1995",40,13,-,12,-,-,5,2,-,8,40,104.30,885,8863,3,3,-
"전라남도","1996",69,19,-,16,-,-,6,3,-,25,69,239.30,1306,48861,2,2,-
"전라남도","1997",59,15,0,16,1,6,8,1,-,12,59,207.40,1245,36983,6,3,3
"전라남도","1998",29,9,-,4,7,1,2,1,-,5,29,64.60,739,83361,1,1,-
"전라남도","1999",26,9,-,5,3,1,4,1,-,3,26,46.40,109,21155,1,1,-
"전라남도","2000",51,30,-,7,3,4,3,-,-,4,51,97.84,639,191054,1,1,-
"전라남도","2001",55,27,-,13,1,4,6,1,-,3,55,73.94,996,122423,1,1,-
"전라남도","2002",55,13,-,20,4,2,6,-,-,10,55,227.56,7098,462539,1,-,1
"전라남도","2003",32,6,-,8,3,2,6,1,-,6,32,17.77,325,25571,2,2,-
"전라남도","2004",82,26,-,29,5,7,4,1,-,10,82,51.77,1040,102191,3,2,1
"전라남도","2005",66,23,-,20,8,4,6,1,-,4,-,44.48,483,51814,1,1,-
"전라남도","2006",66,22,-,23,8,3,4,-,-,6,-,71.77,1878,123800,-,-,-
"전라남도","2007",59,19,0,19,4,4,10,-,-,3,59,52.40,1418,50204,3,3,-
"전라남도","2008",47,17,0,11,6,6,1,-,-,6,47,30.31,953,65014,-,-,-
"전라남도","2009",46,18,0,18,6,-,2,-,-,2,46,159.32,22052,167154,1,0,1
"전라남도","2010",15,7,-,3,2,-,2,-,-,1,15,7.00,140,47914,-,-,-
"전라남도","2011",37,18,-,15,2,-,-,-,1,1,37,37.55,2529,1103292,-,-,-
"전라남도","2012",19,7,-,6,1,1,3,-,-,1,19,8.85,249,240100,-,-,-
"전라남도","2013",53,13,-,24,6,2,2,-,-,6,53,34.51,2588,1146060,-,-,-
"전라남도","2014",72,18,-,28,16,6,-,-,-,4,72,25.99,1512,934624,2,2,-
"전라남도","2015",51,15,-,12,10,-,3,-,-,11,51,12.70,2378,551011,-,-,-
"전라남도","2016",23,4,-,5,4,1,2,-,2,5,23,1.70,117,289151,1,1,-
"전라남도","2017",31,8,-,6,7,-,1,-,1,8,31,3.98,303,272810,3,3,-
"전라남도","2018",38,9,-,5,5,-,6,-,1,12,38,6.25,262,377747,-,-,-
"전라남도","2019",37,6,-,8,8,-,3,-,1,11,37,12.97,2656,608505,-,-,-
"전라남도","2020",36,7,-,9,5,3,1,-,1,10,36,8.19,65,612221,-,-,-
"전라남도","2021",32,22,-,-,4,2,2,1,-,1,32,18.04,250,1163768,-,-,-
"전라남도","2022",55,25,-,2,6,9,3,-,2,8,55,62.56,1436,3807325,-,-,-
"경상북도","1995",97,62,-,23,-,-,2,-,-,10,97,159.45,157,15305,5,5,-
"경상북도","1996",69,29,-,18,-,-,6,-,-,16,69,148.05,438,15845,4,4,-
"경상북도","1997",69,30,0,22,4,4,3,1,-,5,69,350.60,3288,87179,3,3,-
"경상북도","1998",25,10,-,9,2,-,1,2,-,1,25,46.20,631,97543,1,1,-
"경상북도","1999",20,14,-,4,-,-,-,-,-,2,20,26.22,2043,24445,1,1,-
"경상북도","2000",102,52,-,23,4,4,3,-,-,16,102,418.02,3577,1023397,-,-,-
"경상북도","2001",119,54,-,28,7,7,7,1,-,15,119,176.64,5054,610767,3,2,1
"경상북도","2002",82,34,-,17,7,4,5,-,-,15,82,55.11,1709,130269,1,1,-
"경상북도","2003",39,15,-,7,4,4,4,-,-,5,39,13.68,448,30346,1,1,-
"경상북도","2004",104,44,-,23,11,2,6,1,-,17,104,403.26,8286,1238998,4,4,-
"경상북도","2005",80,41,-,12,9,4,3,-,-,11,-,70.29,3805,340428,3,3,-
"경상북도","2006",44,32,-,6,4,-,-,-,-,2,-,44.70,1769,88650,1,1,-
"경상북도","2007",60,33,0,11,4,5,1,-,-,6,60,62.82,713,64642,-,-,-
"경상북도","2008",77,30,0,14,6,7,11,-,-,9,77,51.77,1012,142487,1,1,-
"경상북도","2009",143,40,0,32,18,15,12,-,-,26,143,747.43,45240,2452429,4,4,0
"경상북도","2010",45,20,-,7,5,2,3,-,6,2,45,113.97,8081,1767484,-,-,-
"경상북도","2011",45,10,-,11,11,1,3,-,5,4,45,742.88,38936,19089525,2,2,-
"경상북도","2012",14,3,-,2,1,4,1,-,1,2,14,2.75,103,129382,1,-,1
"경상북도","2013",42,17,-,5,5,6,1,1,2,5,42,103.52,10573,8553602,30,1,29
"경상북도","2014",93,33,-,26,17,2,5,-,2,8,93,46.54,2401,4116081,4,2,2
"경상북도","2015",80,21,-,19,8,-,3,-,-,29,80,32.96,3287,2881138,1,1,-
"경상북도","2016",41,6,-,17,6,-,3,-,1,8,41,169.37,1540,7029519,3,1,2
"경상북도","2017",103,30,-,19,13,2,4,-,6,29,103,148.39,18815,7458662,4,2,2
"경상북도","2018",96,23,-,20,13,3,3,-,5,29,96,93.47,8076,4269956,1,-,1
"경상북도","2019",113,32,-,15,16,5,7,-,10,28,113,88.24,8805,6736485,4,-,4
"경상북도","2020",98,20,-,10,11,5,1,-,9,42,98,1999.52,424376,110402958,-,-,-
"경상북도","2021",55,14,-,3,5,1,2,-,4,26,55,444.97,2456,20821405,4,3,1
"경상북도","2022",111,36,-,10,8,8,-,-,9,40,111,17402.93,2658507,981960340,5,-,5
"경상남도","1995",104,58,-,17,-,-,3,1,-,25,104,211.23,2270,57774,3,3,-
"경상남도","1996",70,45,-,10,-,-,3,-,-,12,70,423.30,-,38199,2,2,-
"경상남도","1997",29,17,0,1,2,1,-,-,-,8,29,173.76,1963,96222,5,4,1
"경상남도","1998",8,5,-,1,-,-,2,-,-,-,8,55.65,1518,140502,-,-,-
"경상남도","1999",12,9,-,-,-,-,1,-,-,2,12,9.75,71,17944,-,-,-
"경상남도","2000",30,23,-,4,-,-,-,1,-,2,30,53.83,788,102923,-,-,-
"경상남도","2001",42,26,-,5,3,1,2,-,-,5,42,33.49,643,80424,2,2,-
"경상남도","2002",32,8,-,10,5,3,4,-,-,2,32,15.26,366,38001,1,1,-
"경상남도","2003",23,11,-,3,4,1,1,-,-,3,23,10.83,215,26733,2,2,-
"경상남도","2004",48,25,-,9,5,2,2,-,-,5,48,99.49,6160,922555,2,2,-
"경상남도","2005",42,11,-,14,3,5,4,-,-,5,-,201.56,3228,718568,-,-,-
"경상남도","2006",38,12,-,12,1,2,1,2,-,8,-,14.11,531,39245,1,-,1
"경상남도","2007",34,18,0,5,-,1,6,-,-,4,34,12.94,646,35713,-,-,-
"경상남도","2008",55,13,0,15,5,9,4,-,-,9,55,25.04,558,59994,-,-,-
"경상남도","2009",68,30,0,7,8,6,6,-,-,11,68,207.22,12130,682019,2,0,2
"경상남도","2010",57,23,-,11,5,2,5,-,4,7,57,8.89,175,254317,-,-,-
"경상남도","2011",53,27,-,13,5,4,2,-,-,2,53,57.98,2448,2694910,-,-,-
"경상남도","2012",23,11,-,-,3,1,-,1,1,6,23,7.38,383,227796,-,-,-
"경상남도","2013",33,11,-,9,2,3,1,-,1,6,33,26.27,2855,1019791,1,1,-
"경상남도","2014",31,7,-,5,5,2,-,-,1,11,31,6.23,1242,429290,-,-,-
"경상남도","2015",22,7,-,3,1,2,1,-,2,6,22,8.67,250,436383,1,-,1
"경상남도","2016",10,1,-,3,2,1,-,-,-,3,10,1.62,708,121077,-,-,-
"경상남도","2017",59,22,-,7,13,3,2,-,2,10,59,9.57,1387,982249,-,-,-
"경상남도","2018",66,34,-,7,2,3,2,1,16,1,66,7.93,683,791528,-,-,-
"경상남도","2019",65,14,-,3,7,1,-,-,10,30,65,7.10,612,263153,4,2,2
"경상남도","2020",41,18,-,5,2,5,1,-,4,6,41,25.69,465,1560039,-,-,-
"경상남도","2021",36,8,-,5,2,9,-,-,5,7,36,56.09,555,3137646,1,-,1
"경상남도","2022",98,36,-,9,9,5,2,-,18,19,98,1542.85,148046,70993517,-,-,-
"제주도","1995",2,-,-,-,-,-,-,1,-,1,2,4.10,-,16781,-,-,-
"제주도","1996",3,-,-,-,-,-,-,-,-,3,3,9.50,-,16960,-,-,-
"제주도","1997",7,-,0,2,1,2,-,-,-,2,7,8.80,26,3870,-,-,-
"제주도","1998",4,-,-,1,1,-,1,-,-,1,4,5.40,288,10560,-,-,-
"제주도","1999",3,-,-,1,-,1,1,-,-,-,3,4.00,18,3700,-,-,-
"제주도","2000",5,1,-,1,-,2,-,-,-,1,5,1.56,9,1681,1,1,-
"제주도","2001",2,-,-,1,-,-,-,-,-,1,2,0.80,-,30,-,-,-
"제주도","2004",1,-,-,-,1,-,-,-,-,-,1,1.00,-,2500,-,-,-
"제주도","2005",-,-,-,-,-,-,-,-,-,-,-,-,-,-,-,-,-
"제주도","2007",1,-,0,-,1,-,-,-,-,-,1,1.00,-,200,-,-,-
"제주도","2008",1,-,0,-,1,-,-,-,-,-,1,2.00,-,800,-,-,-
"제주도","2009",-,-,0,-,-,-,-,-,-,-,-,-,-,-,0,0,0
"제주도","2012",1,-,-,-,-,1,-,-,-,-,1,0.50,-,23022,-,-,-
"제주도","2013",2,-,-,-,1,-,-,-,-,1,2,1.50,187,59103,-,-,-
"제주도","2020",2,1,-,-,-,-,-,-,-,1,2,1.88,-,87423,-,-,-
"제주도","2022",1,-,-,-,-,1,-,-,-,-,1,0.20,8,9732,-,-,-
"북부","1995",12,4,-,5,-,-,-,-,-,3,12,22.85,10,78097,-,-,-
"북부","1996",12,6,-,1,-,-,-,-,-,5,12,23.95,203,45408,-,-,-
"북부","1997",18,14,-,-,3,-,-,-,-,1,18,16.43,29,2777,-,-,-
"북부","1998",13,7,-,2,-,2,-,1,-,1,13,10.19,276,53560,-,-,-
"북부","1999",22,12,-,1,-,4,1,1,-,3,22,85.84,33,184694,-,-,-
"북부","2000",21,8,-,-,1,3,-,1,-,8,21,23.85,236,114406,-,-,-
"북부","2001",25,13,-,3,2,3,-,1,-,3,25,8.36,94,3255,-,-,-
"북부","2002",16,9,-,-,-,2,-,-,-,5,16,51.96,75,179968,-,-,-
"북부","2003",3,1,-,2,-,-,-,-,-,-,3,2.90,200,4620,-,-,-
"북부","2004",12,7,-,1,-,1,-,-,-,3,12,4.65,-,365,-,-,-
"북부","2005",21,16,-,1,-,2,-,-,-,2,-,4.03,29,629,1,1,-
"북부","2006",13,6,-,-,-,-,-,-,-,7,-,6.50,-,-,-,-,-
"북부","2007",10,5,0,3,2,-,-,-,-,-,10,3.59,23,2278,-,-,-
"북부","2008",10,5,0,1,1,3,-,-,-,-,10,1.99,-,-,-,-,-
"북부","2009",10,3,0,-,2,1,-,1,-,3,10,2.78,8,186,0,0,0
"북부","2010",10,8,-,-,-,1,-,-,-,1,10,1.43,-,72594,-,-,-
"북부","2011",6,4,-,-,-,1,-,-,-,1,6,0.87,-,18766,-,-,-
"북부","2012",15,9,-,-,-,-,-,-,-,6,15,12.82,465,292163,-,-,-
"북부","2013",2,-,-,-,-,1,-,-,-,1,2,0.25,31,24447,-,-,-
"북부","2014",25,15,-,1,1,3,-,-,-,5,25,6.38,-,564308,-,-,-
"북부","2015",29,12,-,1,2,1,-,-,1,12,29,28.45,1979,1698796,-,-,-
"북부","2016",13,9,-,-,-,-,-,-,1,3,13,10.06,-,570317,-,-,-
"북부","2017",32,10,-,1,5,3,-,-,2,11,32,13.48,28,833032,-,-,-
"북부","2018",19,11,-,-,3,-,-,-,1,4,19,4.44,72,271875,2,-,2
"북부","2019",14,8,-,-,3,-,-,-,1,2,14,9.23,70,277633,-,-,-
"북부","2020",24,21,-,-,1,-,-,-,1,1,24,25.81,-,1266856,-,-,-
"북부","2021",17,10,-,-,1,-,-,-,1,5,17,8.26,-,391462,1,-,1
"북부","2022",15,10,-,-,1,1,-,-,-,3,15,10.61,57,514168,-,-,-
"동부","1995",17,9,-,3,-,-,-,1,-,4,17,31.97,7,15304,-,-,-
"동부","1996",4,3,-,-,-,-,-,-,-,1,4,643.00,-,4733839,-,-,-
"동부","1997",12,6,-,-,-,2,-,-,-,4,12,28.39,175,38952,-,-,-
"동부","1998",2,1,-,-,-,-,-,-,-,1,2,11.70,20,49400,-,-,-
"동부","1999",7,4,-,1,-,-,1,-,-,1,7,2.30,74,9704,-,-,-
"동부","2000",10,7,-,-,-,1,-,1,-,1,10,9.30,208,9431,-,-,-
"동부","2001",15,8,-,-,-,1,-,-,-,6,15,16.07,244,29065,-,-,-
"동부","2002",8,4,-,-,-,2,-,-,-,2,8,2.32,335,5309,-,-,-
"동부","2003",4,-,-,2,-,2,-,-,-,-,4,1.32,-,2662,1,1,-
"동부","2004",11,9,-,-,-,-,-,-,-,2,11,103.67,2267,158851,-,-,-
"동부","2005",5,4,-,-,-,1,-,-,-,-,-,77.43,147,8759,-,-,-
"동부","2006",4,3,-,-,-,1,-,-,-,-,-,1.45,-,10,-,-,-
"동부","2007",3,2,0,-,-,-,-,-,-,1,3,6.01,-,27628,-,-,-
"동부","2008",3,3,0,-,-,-,-,-,-,-,3,5.21,-,-,-,-,-
"동부","2009",8,2,0,1,-,-,1,-,-,4,8,3.50,102,2612,0,0,0
"동부","2010",1,1,-,-,-,-,-,-,-,-,1,0.50,-,22024,-,-,-
"동부","2011",1,-,-,-,-,-,-,-,-,1,1,0.32,40,58344,-,-,-
"동부","2012",3,1,-,-,-,-,-,-,-,2,3,0.16,-,11569,-,-,-
"동부","2013",2,-,-,-,-,-,-,-,-,2,2,0.80,62,39535,-,-,-
"동부","2014",11,5,-,1,-,-,-,-,-,5,11,5.40,440,265148,-,-,-
"동부","2015",10,3,-,2,-,-,-,-,1,4,10,22.00,1279,1263205,-,-,-
"동부","2016",5,2,-,-,-,-,-,-,-,3,5,2.01,113,67628,-,-,-
"동부","2017",5,4,-,-,1,-,-,-,-,-,5,0.73,21,60487,-,-,-
"동부","2018",2,1,-,-,-,-,-,-,-,1,2,13.16,999,369785,-,-,-
"동부","2019",5,-,-,-,-,-,-,-,-,5,5,2.76,41,85483,-,-,-
"동부","2020",4,-,-,1,2,-,1,-,-,-,4,2.65,-,88195,-,-,-
"동부","2021",5,1,-,-,-,-,-,-,-,4,5,26.61,71,1416180,-,-,-
"동부","2022",5,-,-,-,1,1,-,-,-,3,5,0.86,-,36848,-,-,-
"남부","1995",11,5,-,3,-,-,1,-,-,2,11,62.50,85,121570,-,-,-
"남부","1996",2,2,-,-,-,-,-,-,-,-,2,19.30,-,31778,-,-,-
"남부","1997",8,5,0,1,-,1,-,-,-,1,8,116.01,21,7455,-,-,-
"남부","1998",3,3,-,-,-,-,-,-,-,-,3,24.05,18,70829,-,-,-
"남부","1999",6,5,-,-,-,1,-,-,-,-,6,12.00,25,988,-,-,-
"남부","2000",13,10,-,1,-,-,-,1,-,1,13,37.20,116,131944,-,-,-
"남부","2001",17,11,-,2,-,3,-,-,-,1,17,215.26,10702,908788,3,3,-
"남부","2002",8,2,-,1,2,1,-,-,-,2,8,6.80,689,6425,-,-,-
"남부","2003",4,4,-,-,-,-,-,-,-,-,4,2.75,6,7289,-,-,-
"남부","2004",12,5,-,-,2,2,1,-,-,2,12,122.98,235,337917,-,-,-
"남부","2005",9,4,-,-,-,3,-,-,-,2,-,67.94,50,2773,-,-,-
"남부","2006",7,7,-,-,-,-,-,-,-,-,-,4.64,162,6647,-,-,-
"남부","2007",12,7,0,2,-,1,-,-,-,2,12,6.28,235,17324,1,1,-
"남부","2008",8,5,0,-,1,-,-,-,-,2,8,1.60,76,2188,-,-,-
"남부","2009",14,8,0,1,1,1,-,-,-,3,14,4.91,-,13322,0,0,0
"남부","2010",10,7,-,-,-,-,-,-,1,2,10,4.23,154,93899,-,-,-
"남부","2011",8,1,-,1,4,-,-,-,-,2,8,5.30,1093,173687,-,-,-
"남부","2012",10,6,-,-,-,-,-,-,-,4,10,6.50,225,208570,-,-,-
"남부","2013",5,4,-,-,-,-,-,-,-,1,5,14.17,1876,379851,-,-,-
"남부","2014",9,3,-,-,-,1,-,-,1,4,9,1.39,51,104170,-,-,-
"남부","2015",9,1,-,-,1,1,1,-,-,5,9,2.44,102,161305,-,-,-
"남부","2016",6,3,-,1,-,1,-,-,-,1,6,2.24,70,101128,-,-,-
"남부","2017",13,6,-,1,-,1,-,-,-,5,13,5.98,357,207569,-,-,-
"남부","2018",7,1,-,-,-,-,-,-,-,6,7,12.75,2129,420157,-,-,-
"남부","2019",10,7,-,-,-,-,-,-,1,2,10,8.02,187,244110,-,-,-
"남부","2020",9,5,-,-,-,1,-,-,-,3,9,53.38,5344,4231770,-,-,-
"남부","2021",6,2,-,-,-,2,-,-,-,2,6,4.07,63,303739,-,-,-
"남부","2022",10,5,-,-,-,1,-,-,-,4,10,27.55,183,3955743,-,-,-
"중부","1995",8,4,-,4,-,-,-,-,-,-,8,10.70,60,997,-,-,-
"중부","1996",4,2,-,-,-,-,-,1,-,1,4,3.40,-,1054,-,-,-
"중부","1997",6,4,-,-,1,1,-,-,-,-,6,26.43,18,300,-,-,-
"중부","1998",3,2,-,-,1,-,-,-,-,-,3,1.70,10,1789,-,-,-
"중부","1999",8,4,-,2,-,1,-,-,-,1,8,4.20,25,1249,-,-,-
"중부","2000",9,2,-,3,1,2,-,-,-,1,9,12.37,432,26099,-,-,-
"중부","2001",10,6,-,1,1,1,-,-,-,1,10,7.96,75,16661,-,-,-
"중부","2002",5,4,-,-,-,-,1,-,-,-,5,122.75,1309,17206,-,-,-
"중부","2003",3,1,-,-,-,1,-,-,-,1,3,4.18,26,1949,-,-,-
"중부","2004",3,1,-,-,-,-,-,-,-,2,3,9.35,293,6199,-,-,-
"중부","2005",7,2,-,-,1,3,-,-,-,1,-,9.90,192,3872,-,-,-
"중부","2006",5,2,-,1,1,1,-,-,-,-,-,1.73,12,674,-,-,-
"중부","2007",3,1,0,1,-,-,-,-,-,1,3,1.60,-,-,-,-,-
"중부","2008",6,2,0,1,-,2,-,-,-,1,6,5.62,58,1207,-,-,-
"중부","2009",4,2,0,-,1,1,-,-,-,-,4,0.40,-,-,0,0,0
"중부","2010",3,3,-,-,-,-,-,-,-,-,3,0.30,-,-,-,-,-
"중부","2011",4,3,-,-,1,-,-,-,-,-,4,4.31,-,142580,-,-,-
"중부","2012",4,1,-,-,-,-,-,-,-,3,4,1.35,93,163424,-,-,-
"중부","2013",4,-,-,2,1,-,-,-,-,1,4,0.35,46,24009,-,-,-
"중부","2014",9,5,-,-,1,1,-,-,-,2,9,1.90,-,103879,-,-,-
"중부","2015",7,4,-,-,-,1,-,-,1,1,7,1.02,-,84248,-,-,-
"중부","2016",4,3,-,-,1,-,-,-,-,-,4,67.05,531,1838652,-,-,-
"중부","2017",12,10,-,-,1,-,-,-,-,1,12,17.32,1059,849265,-,-,-
"중부","2018",2,1,-,1,-,-,-,-,-,-,2,0.73,13,46763,1,1,-
"중부","2019",6,1,-,-,1,-,-,-,1,3,6,0.32,4,88688,-,-,-
"중부","2020",5,4,-,-,-,-,1,-,-,-,5,3.10,-,144309,-,-,-
"중부","2021",4,4,-,-,-,-,-,-,-,-,4,1.01,119,51341,-,-,-
"중부","2022",5,4,-,-,1,-,-,-,-,-,5,3.07,71,212065,-,-,-
"서부","1995",4,1,-,1,-,-,-,-,-,2,4,3.50,-,116,-,-,-
"서부","1996",8,4,-,-,-,-,1,-,-,3,8,40.20,72,34402,-,-,-
"서부","1997",4,4,-,-,-,-,-,-,-,-,4,21.10,3,1550,-,-,-
"서부","1998",1,-,-,1,-,-,-,-,-,-,1,2.00,-,5481,-,-,-
"서부","1999",3,2,-,1,-,-,-,-,-,-,3,4.70,-,830,-,-,-
"서부","2000",4,1,-,1,1,1,-,-,-,-,4,8.10,135,15029,-,-,-
"서부","2001",2,-,-,-,-,1,-,-,-,1,2,1.01,-,-,-,-,-
"서부","2002",2,2,-,-,-,-,-,-,-,-,2,5.60,20,514,-,-,-
"서부","2004",3,2,-,-,-,-,-,-,-,1,3,6.30,2,26996,-,-,-
"서부","2005",3,1,-,-,-,2,-,-,-,-,-,50.41,12,100,-,-,-
"서부","2007",2,-,0,1,-,1,-,-,-,-,2,0.26,8,714,-,-,-
"서부","2008",1,-,0,-,-,-,-,-,-,1,1,12.17,-,1839,-,-,-
"서부","2009",7,5,0,1,-,-,-,-,-,1,7,2.41,-,4000,0,0,0
"서부","2010",3,1,-,-,-,-,-,-,-,2,3,0.90,30,27207,1,1,-
"서부","2011",1,1,-,-,-,-,-,-,-,-,1,0.10,-,11141,-,-,-
"서부","2012",3,2,-,-,1,-,-,-,-,-,3,2.90,106,68380,-,-,-
"서부","2013",4,4,-,-,-,-,-,-,-,-,4,0.04,4,8679,-,-,-
"서부","2014",2,2,-,-,-,-,-,-,-,0,2,0.16,-,11530,-,-,-
"서부","2015",1,1,-,-,-,-,-,-,-,-,1,0.10,4,7409,-,-,-
"서부","2017",4,2,-,2,-,-,-,-,-,-,4,1.06,70,717042,-,-,-
"서부","2018",3,1,-,-,-,-,-,-,1,1,3,0.16,1,24582,-,-,-
"서부","2019",2,2,-,-,-,-,-,-,-,-,2,1.50,-,28040,-,-,-
"서부","2021",2,1,-,-,-,-,-,-,-,1,2,0.08,-,4168,1,-,1
"서부","2022",4,1,-,-,-,-,1,-,-,2,4,5.90,284,286131,-,-,-
"육종연구소","1997",-,-,-,-,-,-,-,-,-,-,-,-,-,-,-,-,-
"국립수목원","2002",-,-,-,-,-,-,-,-,-,-,-,-,-,-,-,-,-
"국립수목원","2003",-,-,-,-,-,-,-,-,-,-,-,-,-,-,-,-,-
"국립수목원","2004",-,-,-,-,-,-,-,-,-,-,-,-,-,-,-,-,-
"국립수목원","2005",-,-,-,-,-,-,-,-,-,-,-,-,-,-,-,-,-
"국립수목원","2006",-,-,-,-,-,-,-,-,-,-,-,-,-,-,-,-,-
"국립수목원","2009",0,0,-,0,0,0,0,0,-,0,0,0.00,0,0,0,0,0
"민통선","2009",0,0,-,0,0,0,0,0,-,0,-,0.00,0,0,0,0,0
"기타","1996",2,1,-,1,-,-,-,-,-,-,2,1.55,-,5546,-,-,-
"기타","2001",1,1,-,-,-,-,-,-,-,-,1,0.10,1,-,-,-,-
"기타","2002",2,-,-,-,-,-,-,-,-,2,2,150.25,15000,1500,-,-,-
"기타","2004",16,2,-,-,-,1,-,-,-,13,16,14.25,37,32916,-,-,-
"기타","2005",4,1,-,1,-,-,1,-,-,1,-,193.85,524,672037,-,-,-
"기타","2006",7,-,-,-,-,-,-,-,-,7,-,6.60,-,-,-,-,-
"기타","2007",5,1,-,1,-,-,-,-,-,3,5,1.89,-,-,-,-,-
"기타","2008",2,-,-,-,-,-,-,-,-,2,2,2.50,-,-,-,-,-
"기타","2009",1,-,-,-,-,-,1,-,-,-,1,0.20,-,-,-,-,-
"기타","2017",1,-,-,-,-,-,-,-,-,1,1,0.10,3,6576,-,-,-
"기타","2019",1,-,-,-,-,-,-,1,-,-,1,0.04,-,1319,-,-,-
"기타","2020",1,-,-,-,-,-,-,-,-,1,1,0.10,-,4889,-,-,-
"기타","2022",3,2,-,-,-,-,-,-,-,1,3,3.28,-,21249,-,-,-
